Word (in Normal Form), Descents
bc,b
cbacbaccba,bc
abacabacabacabb,ab
cbaca,bc
bacaba,b
acbac,a
acbbaba,ac
bacabacb,b
ca,c
abaca,ab
bcab,b
ac,a
abac,ab
acbacbac,a
accb,a
bcaba,bc
cb,c
acabaca,ac
bacbaca,ab
cabac,c
bcabcabcb,bc
bac,b
cabacabaca,c
aba,ab
,
cbacacba,bc
cbac,c
bcabac,bc
cabacaba,c
ab,a
caba,c
acab,ac
acbba,ac
cba,c
cabacabacaba,c
a,a
cabcb,ac
c,c
bacabacab,b
abacba,ab
cabaca,c
cbaccaba,c
cbacab,bc
baca,b
cab,c
acb,a
cabacabac,c
ba,b
cabab,c
abcab,a
bcabcabacabac,b
bacab,b
abcba,a
abacab,ab
cbacaba,bc
cbacbacbac,c
accab,a
bacbacabaca,ab
bbabaca,ab
cabcaba,ac
bcabc,b
bacacabacaba,b
b,b
abba,a
bb,b
abcaba,a
cabcab,c
aca,ac
acbacbacacab,ac
acbacb,a
bcb,bc
acbacabac,a
acbacbaca,ac
bcabcaba,b
cc,c
acaca,ac
baccaba,ab
cbba,c
acbaba,ac
cabacab,c
bcabacabacabacb,bc
abacabaca,ab
baccb,ab
bacb,b
abcabcab,a
acac,ac
bcabacabacaba,bc
bacbb,b
bcabcab,b
cabc,c
bcbba,bc
bcacaba,b
abacb,ab
cabbac,c
acbaccaba,ac
acbacabab,a
bcabacabacba,bc
cbacbac,c
cbacbacabaca,c
acaba,ac
bacbacacab,ab
abb,a
bacbac,b
abcabcaba,ab
cbb,c
bbba,b
acca,a
bacaca,b
cabcabac,ac
cbacbacbacabaca,bc
cbacabac,bc
cbaccb,c
abacabba,ab
bca,b
abcabac,a
bacbacbacabaca,b
abbacabb,a
bcabbacab,b
cbacb,c
bcba,bc
acbacababac,a
bbbacab,b
cabcabacaba,ac
cbacbacabac,c
abcabaca,a
bcbb,bc
bacabac,b
acbacabaca,a
bcabacbacaba,bc
acc,a
acbacabb,a
bcabacbbbbab,bc
acacb,ac
abc,a
abcabc,a
cabca,c
cababa,c
bcabacab,bc
accbb,a
abacabacab,ab
bacba,b
cbacbacbaca,bc
abcabacab,a
abcb,a
bacabaca,b
abcabacb,a
bacacabacabacaba,b
cabcabc,c
cca,ac
acbaca,a
cabcabcb,c
abca,a
cbacacab,bc
acabb,ac
abacaba,ab
cababaca,c
cbacba,c
abab,ab
abcabcb,ab
cabcabcba,c
acbacbacab,ac
acba,a
acabacabacabac,ac
cabbacacabac,ac
abacabac,ab
bcabb,b
acabacab,ac
cbacac,bc
abbac,a
abcabcabacaba,ab
bba,ab
acabacbba,ac
cabcabcab,c
bacac,b
acbacacabac,a
bacbaccba,b
bacbacbac,b
cbacbb,c
bbaca,abc
bcabaca,bc
acabacacab,ac
abacabacabaca,ab
cbaccab,c
bcabacaba,bc
cbacabaca,bc
abcabacba,a
acbacab,a
acbb,a
cbacbba,bc
abacabacabacabacaba,ab
cabba,c
bcabbac,b
cbacabacaba,bc
cabcabbac,c
cabcabacb,ac
cabacabacba,c
accabacabacabaca,a
bacbacab,ab
bcabcabacabaca,b
acbacbacabac,ac
cabcabab,ac
acabacaba,ac
abacabacaba,ab
acbacacbac,a
abacacab,ab
abcabacbb,a
bacbaccb,b
bcabcb,b
acbaccab,a
bcabca,b
ababaca,ab
abacacb,ab
cabcabacabacab,ac
abbaca,a
cbacbaca,c
abbb,a
abbacabacab,a
cbacabacabaca,bc
cbacc,c
accaba,a
bacbacacabacabaca,ab
bcabacba,bc
accabacabac,a
bacabacabacaba,b
abcabca,a
bcabacabac,bc
cabcabcaba,c
abcabcabcaba,a
bacbacacabacab,ab
ccab,ac
cbacabacabacab,bc
abacbaba,ab
bacbacabacaba,ab
abcabab,a
bacabacaba,b
bacabacabac,b
cabcabcabacaba,c
cabacb,c
acabac,ac
cabbacb,c
bcabcabcabacabacab,bc
bacbacbacbba,b
abcabacabacabac,a
bacbacabac,ab
bacabacabacab,b
cbacacaba,bc
acabba,ac
cabcabcbacabaca,c
bacbacabacac,ab
cbaccabac,c
acbacbacabaca,ac
abacacaba,ab
acabab,ac
cabcabacabacabac,ac
cbacbacabacabaca,c
cbaccba,c
cabacba,c
abacabacb,ab
acabacabacab,ac
bacabacabacb,b
cabb,c
bacbacbaca,b
bacc,b
bcababac,bc
cabcabbb,c
cbacabacbba,bc
abbacab,a
bacbacbacbaca,ab
bacbacbb,b
bcabcabcab,b
acbacacb,a
cabacabacabac,c
accabaca,a
acbacbacbaca,a
bacbacbaccb,ab
cabcabcabacabacaba,c
accaca,ac
baccabacabacabacaba,ab
ababac,ab
cababacabac,c
cabacaca,c
cabbacaba,ac
bacbaccab,b
bcabacb,bc
bcabcabc,b
cabcabacabba,ac
bcabacac,bc
cabacabacb,c
ccb,bc
bcac,b
abcabcabacb,ab
cbacacb,bc
acacaba,ac
acbacca,a
abcabacaba,a
acbacbb,a
bcabcabcaba,bc
abacabb,ab
cbacabacab,bc
bbab,ab
ccaba,abc
acbacbacbac,a
abbacabac,a
bacbacabacb,ab
cabbaca,ac
acabacac,ac
bcabacabaca,bc
cbacbacbacbacc,c
abcbb,a
cbabacaba,c
cbacaca,bc
cbacabacba,bc
acabacb,ac
acabacabac,ac
acbacba,a
abcabacabacac,a
bcbbabacb,bc
cabacabacbab,c
ababa,ab
baccba,ab
cbacbacabacabac,c
cbacabacb,bc
abacac,ab
abacabacabacab,ab
abacacabacba,ab
bcababacabacacba,bc
bcabacabacab,bc
cbcab,bc
cbacabacabac,bc
abcabacabacab,a
baccab,b
acabacabacaba,ac
bacabb,b
bcababacabacbb,bc
cabcabb,c
cabacabacbb,c
bacabacabacabacabaca,b
bcabcabacab,b
acababacabacabaca,ac
abcababa,a
abcbba,a
acbacbacbacbaca,ac
cabcabacba,ac
cabcababacab,ac
baccabacaba,ab
bcabcabcabacaba,bc
abacababacaba,ab
abcabcabacba,ab
abcabb,a
cabacababacabacab,c
bbbab,ab
bcabcabacb,b
bcabba,b
abacabacac,ab
cbacbaccab,c
cabcabacab,ac
abcabcabacab,ab
bcabcabaca,b
acabacabaca,ac
bacabacacab,b
acbacaba,a
cbacbacbacbacbaca,bc
abcbac,a
bcabcabb,b
ccba,bc
acbc,a
cabcabcabcabcaba,c
bacababac,b
cbbb,c
bcabcba,b
cbacbacacba,c
ccbac,bc
bacabacac,b
cacab,ac
bcbabacaba,bc
abacbb,ab
bacca,b
abcabacabac,a
cabcabcabacab,c
bcabcabacaba,b
acababacab,ac
bacacaba,b
bcababacab,bc
cababacb,c
accacb,ac
cabcabcabacb,c
bcabcabac,b
bab,ab
acbabaca,ac
abcabacabaca,a
bacacb,b
cabcabbacab,c
cabcba,ac
ccababa,abc
ccbaca,bc
abcabcabac,ab
ababacabacaba,ab
acababa,ac
abacababa,ab
acbacbba,a
cabbacac,ac
abcabbaca,ab
abcabcabacabac,ab
bcabacabb,bc
cabacabacabacb,c
bcababacabacab,bc
bbaba,ab
acbacbacbbba,a
bcababaca,bc
abacabacabacabaca,ab
abcabbacab,ab
acbacac,a
cbbab,c
bcbac,bc
bacbacaba,ab
bacbacbacbacbaca,b
cabcababac,ac
acacba,ac
abcababac,a
cabcabcabcab,c
accba,a
abbabacb,ab
cbabacab,c
ccabacaba,abc
acabacba,ac
abacabacaca,ab
acabacbb,ac
bcbabac,bc
bcabab,bc
bacbacabacabac,ab
accabacab,a
acbaccb,ac
abcababaca,a
cbacabacacb,bc
cbacababacaba,bc
bacbacabba,ab
acabacabacbb,ac
cabcabcabcaba,ac
cabacabacabaca,c
cbacbacac,c
bcabcabcabac,bc
acabbba,ac
bacbacbacc,b
bacacbb,b
acacab,ac
acabacabacb,ac
cbacbacba,c
bacbacac,ab
abcacabaca,ab
bacbba,b
bbacab,abc
bacabba,b
acabacacb,ac
bcabbaca,b
bcabacabacb,bc
cabacabacab,c
abbacabacaba,a
acbacabacabac,a
cbabacb,c
cbacabacabacaba,bc
bacbacc,b
cbacabacabacabacab,bc
bacacabacab,b
bacbacbacabac,b
cbacabacbb,bc
abcabcabc,a
cbaccbba,c
bcabcabacba,b
ccbba,abc
bcabacabacababac,bc
bacbacba,b
cabacabb,c
acbacabacacaba,a
abbacabacabacab,a
cabacabacabacaba,c
bcabcabbac,b
bacbacbacbacacb,ab
ccabacab,abc
accac,ac
cbacbaccaba,bc
cacba,ac
baba,ab
acacabb,ac
bcbbb,bc
bcabcabcabcab,b
abcabbb,a
bcabbacb,b
bcabacabacabac,bc
cabacacba,c
bacbacbacab,b
abacababacab,ab
abcacab,ab
bbacba,ab
acbaccba,ac
acacababa,ac
acbacc,a
cbacbacbacbac,c
cabcabca,c
abcabacabacb,a
abacabacababa,ab
bacabab,b
abcabcabcb,a
cbacabacabab,bc
acbacbacba,a
acbacacab,a
baccabacacba,ab
acabacacaba,ac
abacbbb,ab
ccabacb,abc
acbacbacaba,ac
cabacacb,c
bacbacbacbacac,ab
bacbacacb,ab
abbacaba,a
cabcbabacba,ac
cabcac,c
bcabbab,bc
acbacabacb,a
cacb,ac
ccca,c
bacababa,b
bacbacbacbac,b
acbacbacacb,ac
bacababacabacabacba,b
abbacb,a
cbacbaba,bc
cabcabacabacabacaba,ac
bacabacabb,b
abacabacabacabac,ab
ababacba,ab
cbbbaca,bc
cbacbacab,c
abacabacabacabacb,ab
bcabacabacacaba,bc
cbacabacabacabaca,bc
acbacabacaba,a
bacabacaca,b
bcabacbb,bc
cbacbacbacbacbac,c
bacbacaca,ab
cbacabacabacb,bc
bacbabacab,b
cbabacabac,c
cbacbacbacbacabac,c
ccabacabacabaca,abc
cabcacabacb,c
bcabcabcabcabcab,b
abbba,ab
bcacabacab,b
bcabcbba,b
accabac,a
cbaba,c
acabacabacba,ac
bacacabacabacab,b
abcababacabaca,a
cabcacb,c
bacacabac,b
cbacabacacab,bc
cabcbac,ac
cbacacabba,bc
cabcababaca,ac
bcabcabcba,bc
abacbba,ab
bcabcabacabacb,b
cabacabacabacabaca,c
bacbacabacabaca,ab
bcacb,b
bcbacabacabacabacab,bc
cabcabba,c
bbac,ab
cabcabbaca,c
acbacabacababac,a
bacabacabaca,b
ccabac,abc
accabacb,a
cac,ac
bcabcabcabcaba,b
abacacababa,ab
bcabacabacabaca,bc
cababacaba,c
abcabcabcab,a
bacabacabba,b
acabacbbb,ac
bcabcabcabc,b
abacabacabac,ab
abcabcabcabac,a
cbacbacbacacb,bc
abacabacabacaba,ab
bcabacabab,bc
bacbcaba,ab
acbacbacabacb,ac
bacacab,b
bbc,bc
acabacabacbabacab,ac
cabacbb,c
bacbacbacba,b
bacbacbacbacc,b
acacabacb,ac
bacabacbbbab,b
bacbacabacabba,ab
cabcbacaba,ac
acabacacabacabacabac,ac
bbaccba,ab
abcabacacab,a
bcabacbba,bc
cabcabcabcabcabcaba,ac
acbacbacac,ac
bbbacb,b
cbacbacacabacab,c
acbacabacab,a
cabcababacaba,ac
abcabcba,ab
acacabacabac,ac
bacabacababacab,b
bbacaba,abc
abacabab,ab
bacabacbba,b
acacabac,ac
abcabbacb,a
bacacabaca,b
ababacacab,ab
cabacbba,c
abcabbacaba,ab
cabcacab,c
acababac,ac
cacaba,ac
acacabacabacb,ac
cabacac,c
bcabacabacabacabacabacaba,bc
cabbacacabacabacac,ac
cbbba,c
cbacbacaba,c
acabbabaca,ac
cbacbacbacbacacb,c
cbacbacbacbb,c
abcabcabca,a
ababacabac,ab
cabcabcabc,c
babac,ab
abcabcabbacabacabac,a
acababaca,ac
ccabaca,abc
baccabac,ab
abacacabaca,ab
cbacabb,bc
acbacbaccab,a
abacabacbba,ab
bbacb,ab
bacacabacabaca,b
accabacabacba,a
cbacbacacb,c
babacab,ab
ccabacabaca,abc
acabacabacabacabacab,ac
baccbac,ab
bacabacabab,b
acabacabba,ac
baccabacabaca,ab
bcabcabacababac,b
acabacabacabacaba,ac
bacbacbacbacaba,ab
abcac,ab
bacbaccabb,b
bbb,b
acabacaca,ac
acbacacaba,a
cbacca,c
cbacabacabacabac,bc
bcabacacab,bc
cbacbacbacac,bc
bcababa,bc
accabb,a
bacbacbacbacabaca,ab
acbacabba,a
abacabacba,ab
abacabbaba,ab
abcabcabaca,ab
cabcabaca,ac
cabbacab,ac
cabbb,c
accbac,a
bacbacbaccaba,ab
abcbabaca,a
bcabcabcabacab,bc
bcabcacb,bc
abacabbbb,ab
bacbacb,b
bcabcabbacaba,bc
cabcabcabacababaca,c
cabcabcabcb,ac
abcabcabcabcaba,ab
cbacbaccb,bc
cbacabbab,bc
cabcababa,ac
bcabcabcabacabacaba,bc
acbacabacabaca,a
abcabbab,a
cbbabacacb,c
abcabcabcabacbb,a
bcabacabacbb,bc
acbacabacbba,a
cabcbb,ac
bcacab,b
bacbacbacb,b
acabacabacabacab,ac
cabbacbb,c
accacaba,ac
cbaccabacabb,c
abcbbaba,a
bacbaccacab,ab
abbacac,a
acacabaca,ac
cbabaca,c
cababac,c
cacabaca,ac
abcbab,a
acababacabaca,ac
cbab,c
acbacbacabacabaca,ac
acbacabacabacaba,a
ababacabaca,ab
bcabcabacababaca,b
cbacabbb,bc
acabacabacabba,ac
cbacbacabacabacacab,c
cabcabcabacabacabacab,c
acbacbacbacabacabaca,a
abbabacacab,ab
abcabcabcabc,a
bacabacabacbba,b
babaca,ab
bacabacabacabacab,b
bacbacbacbacbacbac,b
acbacbacbacbacabaca,ac
accabacabacab,a
acbbab,ac
bcabbacacb,b
bbacabaca,abc
bcababacaba,bc
cabacabacabacabacaba,c
cbacbaccbaca,bc
acababacabac,ac
cabbbb,c
cababacabacab,c
bcabcabcababac,bc
cabcabcabcabcab,c
cbacbacbaccab,c
bcacabac,b
bacabacba,b
abacababac,ab
cbacbacacab,c
abbacabacbb,a
bacbacbab,ab
ccabacabacab,abc
cabcabacabacb,ac
cabcabbacc,c
bcabacabacbaba,bc
acbacbacbacbac,a
abcabacacaba,a
abcabbacabacab,ab
abcbbb,a
cbacacabac,bc
cbacabab,bc
acabacacabaca,ac
abcabbaba,a
abcabacabacba,a
bacbacacabaca,ab
bcabacacbb,bc
ababacab,ab
bcabacabba,bc
acabbabac,ac
acbabac,ac
cabbacabacb,ac
bbbaca,b
acbacbaccaba,a
bacabacabacabacabacb,b
bbaccb,ab
abcabcabcabcab,a
bacbacbacbacbba,ab
acbbbac,a
abcabacabacabacaba,a
bcabacababa,bc
abbbba,a
cbacbaccacabacaba,c
acbbabacabaca,ac
abcabacabbb,a
acbab,ac
cabbacabacabaca,ac
cabacabacabacabacabac,c
abcabcabacabacb,ab
abbacacab,a
caca,ac
bacabacababa,b
bcaca,b
bacbab,b
abacacabac,ab
abbab,ab
acbacabacba,a
cbacabacabacbb,bc
cabbacabaca,ac
abcbabac,a
cabcabcabaca,c
cabcaca,c
bacbbaba,b
bacbacbacbacbac,b
bcabacbab,bc
cabacabacbba,c
ababacaba,ab
cbacbacabacabacabacabac,c
acbacbacbacbacbacabacacb,a
abcabcabcabacab,a
babacb,ab
ccabb,ac
cbabac,c
cbacbacbacabac,bc
abbacba,a
abcabcabcabcabcb,a
accbba,a
ccabba,ac
bcabcabacabacabab,b
bcababacb,bc
abcabacabacacabacabac,a
cabacabab,c
cabacabacabbba,c
cbacbbaba,bc
abcabcabacabacab,ab
abbacacaba,a
acbacabacabacb,a
bacabacbab,b
abacacba,ab
abcacaba,ab
cbacabacacba,bc
acbacbacbacbacbacbacc,a
abacabacbb,ab
bacabacabacabaca,b
abbacabaca,a
bbacabacab,abc
acabacabacabacb,ac
abcabacabacaba,a
bacbacabb,ab
bacbacbacacb,b
cbacabacacabacabacabacb,bc
cabacabba,c
cabcabcabcabacab,ac
cabcabacabac,ac
bacbacbacabacac,b
abcabcababac,ab
ababacabacabaca,ab
acbacabacbb,a
baccabacab,ab
abcabcababaca,ab
acbabacaba,ac
cabcbbba,ac
bcabcabbaca,bc
bacababacabac,b
bcabcabcabcb,b
acbacababaca,a
cbacbacc,c
acbacbacabacabacabac,ac
bcbaba,bc
bcbab,bc
cabacacabacaba,c
cbaccababac,c
bacbacabacabacabacabacab,ab
abcabcababacab,ab
abcabcabcabcabacb,ab
abacababacabac,ab
bacbacabacabacba,ab
abcabcacabacab,a
cabacacabaca,c
cbacababac,bc
cabcabcabcabacb,ac
cbacbacca,c
baccabaca,ab
abacabacacb,ab
bcabcabacabacab,b
cbacbacbacbaca,c
cabcabcabcababaca,ac
acbaccabacaba,ac
bacbacbaccab,b
cbacbacbaccba,c
bcabcabab,b
bacbbab,b
cabcabacabacabacab,ac
bcabacabacabacabacaba,bc
bcabcabcabcabab,b
bacabacabacabac,b
bcabcabbaccab,b
bcbaca,bc
abacbbba,ab
cacabacabacab,ac
acbacabacacab,a
cbacbacb,c
abcabcabacabacaba,ab
bcabcabacabb,b
cabcabacababaca,ac
cabbbabac,c
bacababacabb,b
cbaccabacabaca,c
bbacabacb,abc
cbacbacabacab,c
cabacacab,c
acabacabacabacacaba,ac
abcabbac,a
acabacabacabb,ac
acbbabacaba,ac
acbacabacabacab,a
bcabacabacacabacab,bc
cbacbabaca,bc
cabcabbacb,c
bacbacabacacab,ab
bcabcbabacb,b
cbacacabab,bc
cbacabacabacac,bc
bcabbabac,bc
cbacabacabacabacabacb,bc
bcabbacabacb,b
bacababacab,b
cbacacabacabacaba,bc
bacbabaca,b
cabbacabac,ac
bcabcabba,b
abcabacabacabacababacabacaba,a
abcabcbacb,ab
cbacbacbba,c
bcabbacba,b
acbacbaccabacaca,a
ababacb,ab
accabacaba,a
abacabacacacaba,ab
bacababaca,b
cacabacab,ac
cabacacabac,c
cacabab,ac
cabcabcabacabacb,c
babacabacba,ab
abcbaba,a
abcacba,ab
cbacbacbacbacbacabacabac,bc
bcabacabacac,bc
bacbacca,b
cbacababa,bc
cabcabacabab,ac
cabbabac,c
bbacabbb,abc
cabacbaba,c
acbacbacc,a
acabacabacabacba,ac
abcabacabba,a
cbacbacbacbacbacabacabaca,bc
bcabcbb,b
bbacbb,ab
abacabacabacb,ab
bacabacbb,b
abcabba,a
cbacbab,bc
cabbba,c
bcabcabca,b
bacbc,ab
bacbacbba,ab
acbacabacabb,a
accabacabaca,a
abcabacabab,a
acabacabacacabac,ac
bcababacabacabaca,bc
cababacababa,c
babacbba,ab
abcabcabb,a
bcabcabcabcabc,b
cbacbacaca,c
abbaba,ab
bacbacacba,ab
baccacab,b
abcabcabacabaca,ab
abcabcabacabba,ab
acabacababaca,ac
cababacab,c
cabacbab,c
cabacabacbacabacab,c
bcabbacaba,b
cbacacabacba,bc
baccac,b
acabacacba,ac
cbacacbab,bc
cabcabcabbac,c
bacabbb,b
cabcabcbacba,c
cabacababacab,c
cbacbacbacb,c
acabacabb,ac
accacab,ac
abbabacab,ab
cabbacba,c
cabcabacabaca,ac
bcabcabcababaca,bc
abacacabacaba,ab
abbbb,a
acacababac,ac
bcabbb,b
abacaca,ab
cabcababacabacaba,ac
bacbaccaba,b
cabcc,c
acbacabacababaca,a
abcabacbba,a
ccabbacaba,ac
cabcabacababac,ac
acbacabacaca,a
acbacbacabacba,ac
acbacabacabacba,a
bcbacaba,bc
abacababaca,ab
cbaccacba,bc
cacababac,ac
cbacbacacaba,c
bcbacab,bc
acbacacabaca,a
abbacbacab,ab
cabbbaba,c
cbacbacabacacab,c
abbacabacb,a
cbacabbba,bc
bcabcabcabacabac,bc
acbacbacacba,ac
bacabacacba,b
bacabacabbabacbb,b
cababacabacaba,c
cabbab,c
abcabcabcabcabcab,a
cabacababac,c
abcabacabacabacbba,a
acabacbacab,ac
cbaccabacb,c
abbacabab,a
baccabacabac,ab
bcabcabcabcba,b
accabacac,a
bacbacbacabacabacabac,b
bcabcababa,b
cababacba,c
abbabac,ab
acbacbacbaccb,ac
bacbacbacbacbacaba,b
acbacabacabacacaba,a
cabcabcabcabacaba,ac
bcabbacabacabacab,b
abcabbacabacaba,ab
cabacabacacb,c
abacabacacabaca,ab
bacabacabacabacabac,b
accabab,a
bacabbba,b
cbacabacac,bc
bacabacacaba,b
bacbacacbbba,ab
bacbacbacaca,b
abcabcabcabacaba,a
cbacbacabacabacab,c
cabcabacabacaba,ac
bacabacabacbbba,b
acbacbacca,a
abcababacab,a
acacbb,ac
cbbabaca,c
bcabcabbacab,bc
abcabacabacabacb,a
cbacabacacaba,bc
bacacba,b
cabacbabacabac,c
acabacabacabaca,ac
acbabacba,ac
bcbabaca,bc
abcabacabacabacab,a
cbacacabaca,bc
bcabacabacabacab,bc
bcabbacabaca,b
bacbacbacbacabac,ab
bacacbba,b
cabacabacabacabacba,c
abacabacabacabacab,ab
cabacababacabac,c
babacaba,ab
acbacbacbba,ac
accabba,a
abcabacaca,a
bbabac,ab
bcabcabcabb,b
bacbaccabacb,b
acabacababac,ac
cacabacaba,ac
abcabacabacabacabacabacab,a
acabacbaca,ac
cbacabba,bc
acbacababacab,a
bcabcababac,b
cabcacabaca,c
cabacabacbbbab,c
bbacac,abc
acbacacba,a
ccacaba,ac
cabcbabac,ac
bacbacbacbacca,b
abbabacabac,ab
cabcabcabcabacabacab,ac
bcabbba,bc
cbacbacbacc,c
cabcabcabcabc,c
cbacababacabac,bc
bcabacabacababaca,bc
abcabbacc,a
bcbbba,bc
cabcabcabab,c
abacbab,ab
acbacbacabacac,ac
bacbacbacac,b
bcabcabacabacaba,b
bacabacacb,b
acbacabacabacabac,a
abcacb,ab
bacbacabacab,ab
bacabacabacba,b
cbabacabacabacaba,c
abbabaca,ab
cabcbaba,ac
ababacabacab,ab
acbacabacabacac,a
acbacbacbacbacacabac,ac
cbacbacbb,c
cabcabcabac,c
cbacababacb,bc
acbacbacabacabacbb,ac
acbacbacb,a
bcabacabacabacaba,bc
acbacaca,a
acbacbacacabaca,ac
abcabacac,a
cbacbacabacaba,c
abbacabacba,a
baccabcba,b
acbacbacacaba,ac
abcabcabab,ab
cbacbacbacbba,bc
cbacabacacbacba,bc
acabacababa,ac
bcabcacaba,bc
bacabacbbabaca,b
abacabacabb,ab
abacabacabba,ab
bacababacb,b
bcbacabaca,bc
bcabacabacabacacaba,bc
abcabcabcabbaca,ab
cabcacabacacb,c
cbacacababa,bc
abacabacabacbba,ab
abcabcabacacb,ab
cabcabcabacabacab,c
cabacabbabac,c
bacbacbaccabac,ab
ccac,ac
bcabacaca,bc
abcabcabcabcabcabcabcabcab,a
cabcababacabb,ac
accabacabacaba,a
accabacacb,a
bbcbaba,bc
abacabacabacba,ab
acabacbbaba,ac
bcababacabacabacba,bc
acbacbaccb,a
bcabcabacacb,b
bcacabab,b
bacabacababac,b
cabcababacabacabacabacb,ac
acbaccacab,a
bcabcabcabacb,bc
cabacabacabacabac,c
cbca,bc
acbacacabacaba,a
acbacbacbacac,a
bbacacb,abc
bcabcababaca,b
bacabacbaba,b
baccbb,ab
cbacbacbacabacb,bc
acabacacababaca,ac
abcabacabacabaca,a
ccc,c
bcabacabbabac,bc
cabcbba,ac
bacbacacaba,ab
cbaccabacaba,c
bacbacabacabacabaca,ab
bacbaccabbaca,ab
cabcacaba,c
abcabcabcabcabcabacaba,a
abcabcac,a
abcacabac,ab
acabacabacabacabacba,ac
abcabcababa,ab
cacababaca,ac
bcabcabcabacba,bc
abacabacabacbabacb,ab
cabacabacabacab,c
cabacabacabacabacb,c
bcabacababac,bc
acabbab,ac
cbaccac,bc
acabacabacababac,ac
cbaccabaca,c
bcabcabcabcabcaba,bc
cabbabacb,c
bacbacabacba,ab
cabacacaba,c
baccabcaba,b
acbacbacbacaba,a
acabacabacac,ac
acbacabacac,a
accabacbb,a
bacbacabacabacb,ab
baccacb,b
acacabacaba,ac
acabacabab,ac
abbacabacabacabacabab,a
abcabcabbac,a
acbacbacabacab,ac
cccabacabaca,c
cabcbab,ac
cccb,c
cbacabacabacba,bc
cabacacabacb,c
bcabacababacabac,bc
accabacacab,a
abcabacacb,a
cabcababacabacbb,ac
abcabcabcabcabacaba,ab
cabacababacbba,c
acbacbacbacabaca,a
cbacabacabb,bc
abcacabacabac,ab
cabbaba,c
abcbacb,a
cabcabcabacba,c
ababacabacb,ab
abcabacababac,a
acbaccabaca,ac
bcbabacabac,bc
abcbc,a
acabbb,ac
bacbacbbab,ab
abcabacabb,a
cbcac,bc
cbacabacabacabacabac,bc
cbacbacbacbacbacbacabac,c
ccabab,abc
abcabcabcba,a
ccacbb,ac
bcabcbaca,b
acabacabacabacabacabacbb,ac
cbacbacbacbaccba,bc
cacabac,ac
abacabacbacba,ab
cbacababacba,bc
abcabcabcabcabcabac,a
cabcabcabacababac,c
acbaccacabaca,a
acbacbacabacabac,ac
bcabcabcabcabacaba,b
bacabacabacac,b
acbacbacbacbacbaca,a
bacababacabacacaba,b
acbacbacbacbba,a
cbacacabacabaca,bc
ababacabab,ab
cabcabacabacabacabacabacaba,ac
cababacabacabacabaca,c
abcabcabcabcabcabcabacab,ab
bacabacababaca,b
acabacabacacabab,ac
babacaca,ab
bcbacabacab,bc
acabacabacbba,ac
cabcababacaca,ac
acabacacabac,ac
cbbbacab,bc
cbacbacabacaca,c
bacabacabacabacaba,b
accababa,a
ababacabacba,ab
bcabbacacabacaba,b
abcabcbacabacb,ab
accabacba,a
abcabcabcabcabcabcab,a
cababacabaca,c
abcababacabacabacaba,a
cabacbacaba,c
acabacabacabacaca,ac
bcbacabacac,bc
cccabac,c
abcabcabcabacb,a
abcabcabacabacac,ab
bbbacabacb,b
bcabacacabacab,bc
bacbaccac,ab
accabacabacbba,a
abacbacabacabacabac,ab
baccaca,b
acbcabaca,a
acbbba,a
bacababacabacab,b
cbacbacabacacaba,c
cabcabcabacabac,c
abbacabacabacaba,a
bcabcabcabcabcabacaba,bc
ccabcab,ac
acabacababacaba,ac
cbacabacaca,bc
acabacabacabacbba,ac
cabcabacabacacab,ac
acbbb,a
bbbb,b
cbacababaca,bc
bcabcabacbb,b
cababacaca,c
bcabacababaca,bc
acabacabacabab,ac
cbacacabacabac,bc
acbacbacbacab,a
acbacbbba,a
cabacabacabacabacabacaba,c
cabacabacababa,c
cabcabacabacabaca,ac
acbacacbb,a
ccbcac,bc
acacabacac,ac
cbacabacacabaca,bc
cabcabacabb,ac
acbacbbbba,a
bcabacabacabab,bc
abcbacaba,a
abacabacabacabacabacacba,ab
acbacabbbb,a
ccacb,ac
abcabacababacaba,a
abacababacabacab,ab
cbaccacb,bc
accababacbb,a
abcbaca,a
cabacabacac,c
abcabcabcabbac,a
bacbabac,b
bacbacbacacab,b
cabacabacabacabacabacab,c
cbacabacacabac,bc
bcabcabcababacabacac,bc
acbacabacacb,a
bacabacabacacab,b
cbacabacabacabacabacababa,bc
baccbba,ab
bcbbaba,bc
cabcbbab,ac
ccbacab,bc
abcabcabcababaca,a
baccabacb,ab
acbacbacbaccab,a
babacabaca,ab
bcbabacab,bc
acbacbacbacacaba,a
cababacbba,c
bacbacabacabacabac,ab
acbacbacbb,a
abcabcabacabacabaca,ab
cbacbacabba,c
bbacabb,abc
bacbaccabac,b
abacabacbacbba,ab
bcbbab,bc
cabbacabacabacabacab,ac
abacabacacaba,ab
bbbac,b
bacacbacabaca,b
abbacabacabac,a
cabacababaca,c
ccabca,ac
cabacababa,c
abacabacabacac,ab
abacabacababacab,ab
abcabcacaba,a
abcabbabacabac,a
bacababacabacabaca,b
bcacabaca,b
accacabaca,ac
cabacabacabacbb,c
acbacbacabacabacaba,ac
bacbbb,b
cabacabacabab,c
abbacababaca,a
ccbacabac,bc
bcabacabbb,bc
acabacabacacab,ac
cbacacbb,bc
bacbacbacbacbaccb,ab
cbacbacabacbba,c
abcabacabacbba,a
abacabacabacabacacabaca,ab
acbacbaccba,a
abacacabacab,ab
bcabcabcabaca,bc
acbacbaba,a
cabacabacabb,c
bcababacabaca,bc
acbacbacaca,ac
bacbacabacacb,ab
cbacbacabbba,c
cbacabacababacaba,bc
bacbacbacbacacab,ab
abacabacacbba,ab
accabacabacabac,a
bcabacacabaca,bc
bbabacb,ab
abcababacababa,a
cabcabacabacba,ac
abacabacabacabacababac,ab
cabbacabacabacb,ac
cabcabcababac,c
cbaccbacab,c
ababacacabacabacabac,ab
bacbacbacaba,b
bacacabb,b
bbacabac,abc
bacbacbacacba,b
accabacabacb,a
cbbbacabaca,bc
ccbcab,bc
cabcabacacab,ac
acbacbacbacabac,a
bcacabba,b
abcabcabcabcabacabacb,ab
ccbcaba,bc
cbacbacbacacab,bc
bbcab,bc
bacbacbacacaba,b
bcbacabacb,bc
bcabcbab,b
cbacbbab,bc
acabacabacacabacab,ac
bacbacbacabacbba,b
acbacabacabacacb,a
bacbacacabacabacacb,ab
ababacabacabacab,ab
bcabcabacbbabaca,b
cbacbacabacabacabacabacb,c
bbacababa,abc
cabcabcabcababac,ac
abacabacacab,ab
abcababacb,a
cabacbbabaca,c
abcabcabbacb,a
cabcbacab,ac
acacabba,ac
ababacacaba,ab
bacacabba,b
cabcabacbacaba,ac
cabcabcbab,c
bcabacacabacabacab,bc
cabacabacabacabacab,c
acacabacab,ac
bcabacabacabacabac,bc
acbacbacbacabacba,a
cabcabcbac,c
acbbbb,a
bcbacabac,bc
acacabacba,ac
abacbacabacb,ab
bacbaccabaca,b
cabcababacba,ac
cbbaba,c
bcabcabcabacabacb,bc
baccababa,ab
bcabacabacabacbb,bc
bacabacabacabacb,b
bcabcbabacab,b
bacacabacabacacba,b
bacbacabacabacab,ab
bcabcababacabaca,b
acababacba,ac
cabbacabacab,ac
acbacababa,a
babacacabaca,ab
abcabcabcabacabbb,a
acabacbaba,ac
bcabcababacacab,b
abbacabacabacabacab,a
abcababacaba,a
bcabacabacabacabacb,bc
abacabacabab,ab
cabcabacbbba,ac
cacabacabac,ac
cabcabacabacbacabacab,ac
cbacababacbba,bc
accabacbba,a
acbacacabacab,a
abcacababac,ab
bacbacbacacbacabac,b
bcabacabacbba,bc
bcacba,b
ccacab,ac
abcaca,ab
bcabcababacab,b
acabacabacaca,ac
bcabcababacbba,b
acbacbacabacacab,ac
babacabacab,ab
bacabacabacabacabacaba,b
cbacabbabacabaca,bc
acabacacabb,ac
acacabacabacab,ac
bbacabacaba,abc
bacbacbacbacb,b
acbacbabac,a
acacabacbab,ac
babacabac,ab
bacabacacabac,b
abcabcacabacb,a
acbacababacac,a
bcabcabcabbb,b
cacabacabbbaba,ac
cbaccabacab,c
bacabacacabacabac,b
baccabb,b
acacabacabaca,ac
cacabacba,ac
bcabcabcbba,bc
cabacabacabacba,c
cacabacb,ac
cbacbacbbbaca,bc
cabcacabacab,c
cabcabcabacabacababaca,c
cbacabacabacacab,bc
abacbabaca,ab
acbacbacabacabacabacaba,ac
bcabcac,bc
abacabbba,ab
cbacbacbaccaba,c
bacbacbacbacaca,ab
cabacabacabacac,c
cbacabacabba,bc
abacabacabacacab,ab
cccab,c
ccabacabacabacabacabacab,abc
cabacabacababaca,c
cabcabcabcabacabacaba,ac
bacabacabacabacbb,b
cabcacabb,c
cabcabacababacab,ac
bcbabacabaca,bc
cbacababacab,bc
cabcabacabacabacabacabac,ac
bcababacbb,bc
cbbabac,c
bacbacabacacbacaba,ab
acababacabacaba,ac
abacbabac,ab
acabacababacabaca,ac
abacacabacabacab,ab
bcabbacbb,b
cbacabacababa,bc
acabacabacabacbb,ac
bacabacabacabacabbb,b
cbacacabb,bc
bcabbacababaca,b
accabacabba,a
ccaca,ac
ccababacab,abc
acabacabacbaba,ac
acbaccabacb,ac
bacbbabaca,b
abacacabb,ab
ccbb,bc
cbacacabacab,bc
bbacbacabacbaca,ab
cabacacabacabac,c
abcabcbb,ab
cabcabacbb,ac
bcabbacbba,b
ccacabac,ac
acababacabacabac,ac
acabacabbab,ac
cbacacababacbba,bc
cabcabcbba,c
bbbacba,b
cbacabacabacabacaba,bc
bcabacabacacab,bc
bbacacba,abc
abcabcabacbacabaca,ab
abcabbba,a
acbacbacbacbacabac,ac
bcabcababacaba,b
acbaccaca,a
abacabacacba,ab
abbacbb,a
acbacbacbacb,a
abcbbab,a
cbacacabacaba,bc
abcababacbb,a
cabacababacabb,c
cabcabacac,ac
abacabacacabacabacabacab,ab
cabcabacabacabacb,ac
cbacabacabacabacb,bc
cabcabacacabacb,ac
bcabacacb,bc
ccbcacaba,bc
cabbabacbb,c
cbaccabacabacaba,c
abcabcabcabcb,ab
acababacaba,ac
bcabcabacabacabacaba,b
cbacbacbacababa,bc
abacacabacabacaba,ab
cacbba,ac
abcabcbab,ab
abacabacabacabacac,ab
bacbacacabac,ab
cabcbaca,ac
bcabcabbacabaca,bc
abacababacb,ab
babacba,ab
cabcababacabac,ac
abcabacabacababaca,a
accabacabacabacb,a
ccabacba,abc
bacbacabab,ab
abcabcabacabacababaca,ab
acbacacabacb,a
acbacbaccbacab,a
abcabcabcabab,a
cbbbac,c
abacacbbbb,ab
bacbacababaca,ab
bcabacacaba,bc
cabbacabacabac,ac
bcabacacabacabac,bc
abbacabba,a
bacbacbacabacabac,b
cbacbabacaba,bc
abcabacabacabb,a
ccabacabacabacb,abc
abcacabacb,ab
bacbbbaca,ab
acabacbbba,ac
ccbcabacabacaba,bc
bacabacabacabacabacabaca,b
bcabcbaba,b
bacabacababacabac,b
acacabacabacaba,ac
cbacbacbacabacabac,bc
bacababacaba,b
cabacabacacaba,c
acbacababacba,a
acbaccabb,a
bbacbacab,ab
cababacbbaba,c
cbacabacacabacacab,bc
cbacbacabacba,c
cabcabcabba,c
cbbbba,c
bcabacabacabb,bc
abcbabacabacaba,a
bacabacababacabacabac,b
bcbacb,bc
cabcacabac,c
bacbabacabaca,b
abcabcabcabcabac,ab
cabbacaca,ac
bcacabb,b
abcabacabacacab,a
acbacabacabacbb,a
bacbacbacbacbacbacabac,ab
acbacbacbacbacbb,a
bcabacbac,bc
acbabacb,ac
ccbcabacabacabacab,bc
cbacbacabacabacabac,c
abcabacbbabacabacab,a
bcabcabbacb,b
abcabacababa,a
abcabcabbaca,a
acbacabacabacabaca,a
abcc,a
acabacabacabacabaca,ac
abcabacabacabacabac,a
bcabacabbab,bc
acbacbabaca,a
abacabbb,ab
ababacabacabacaba,ab
abacbabacab,ab
bcabcabcabcabacab,b
cccaba,c
abcbacba,a
cabcabcabca,c
bcabbacabac,b
acbacbab,a
bacbacbacbaccaba,b
cabcabbacabacaba,c
bcabacabacacb,bc
cabbacabbb,ac
cabacabacabacabacbba,c
baccbaca,ab
bcabacbabacb,bc
cabacabacacba,c
cabcabcabacbb,c
acbbabac,ac
bcabcabacbba,b
bbacabacacb,abc
acbacabacacabab,a
acbacacabacabaca,a
ccbca,bc
accabbb,a
acacabacabba,ac
bcabcabacabacabacab,b
bcabcabacbbaba,b
cbacbacbacaba,bc
acbacabacabacabacabaca,a
acabacabacabacabacaba,ac
cacabb,ac
cacabacabacac,ac
acbacabacacababa,a
cbaccabb,c
acbaccabacabac,ac
bcabcbacab,b
cbacbacabacabacaba,c
cabcbacabacb,ac
cabccb,c
bacacabacbba,b
bacbabacabac,b
bcabacbbab,bc
cbacababacabacab,bc
abacacabacb,ab
bcabcabacabacabaca,b
cbacbacacabacb,c
cbacbacacababa,c
abcabacabacabacbb,a
cbaccbb,c
bcabcabcabbac,b
acbacacbba,a
abcabcabcabacabacabacaba,a
cbacbacabacacabacabaca,c
ababacbbb,ab
abcabcabacabacabba,ab
cabacabacabacacab,c
cabcabbacabac,c
acbbbaca,a
acbacbbabacab,a
acbacbacbacabacb,a
cabcabbacaca,c
abacbaca,ab
abcbacabacb,a
ababacababa,ab
abcbacab,a
cbacbacbacabacbb,bc
abcabcbaba,ab
acabacabacbabaca,ac
cbaccabacabac,c
accababacb,a
abcabacababacba,a
bcabacababacba,bc
acbacbacabacabacba,ac
cabbacabacabacaba,ac
bcbacabacaba,bc
abacabacababaca,ab
abcababacba,a
acabacabacabacbab,ac
baccacba,b
acbacbacacabb,ac
cbacabacabacabacabacba,bc
abacabacabacacba,ab
cabcabcababaca,c
abcabcabcabcabacab,ab
acabcabacabaca,ac
cbacabacabacabacabaca,bc
cbbbaba,c
abcabcabacbba,ab
abbacacb,a
bcabacababacabacab,bc
bacbaccabacaba,b
cacabacabacabacab,ac
cbacabacabbb,bc
bacacabacb,b
bacbacbacabacab,b
bcabcabcabbaca,b
ccabacabacba,abc
acabacbab,ac
bacbacbacbacbacabaca,b
cabcabbacabacacab,c
baccabacabacacabaca,ab
bacbacacabacabacabacbac,ab
bbabacab,ab
cabcabcababacb,c
bcabacababacaba,bc
cbacbacbaccb,c
cabacabbba,c
bacbacabacaca,ab
baccbbaba,ab
bcababacabacabac,bc
ccabacabac,abc
bcababacabacb,bc
cabbacabacaba,ac
acbacbbabacaba,a
acabbbba,ac
bacbacabacacaba,ab
bcbabacabacabba,bc
ababacbb,ab
cbacabacabacabacabacabacaba,bc
cbacabacabacabacba,bc
bacbbabacabba,b
bcabacbbabacabacaba,bc
bbcaba,bc
acbacbaccabacba,a
accbabaca,a
abbacabacabacabac,a
cabcbbb,ac
cabcabacababa,ac
acbacabacabacaca,a
abbacbba,a
accbaba,a
bcabacabacbab,bc
cbaccacab,bc
abcabcbacba,ab
cbacabc,bc
cbacbacabacbb,c
acbacabacabacabacabac,a
abacabacabacabacababa,ab
bacbacbacbacbacbaca,ab
acabacabacabacababa,ac
acbbabaca,ac
abcabacacba,a
bcabacabacabacabab,bc
bcabbacabacab,b
bcabcaca,bc
abcabacababacabacabacba,a
cbacabacabacababacabacabac,bc
cbacacabbabaca,bc
cbacabacacbbba,bc
baccabacabacabacab,ab
cbacabbbab,bc
bcabcabbb,b
abacabacabacabacabac,ab
ccbacb,bc
abbacabacabacabaca,a
acabacabacababaca,ac
acabacacabacaba,ac
abcabcabba,a
cbacbaccacab,c
ababacababacabac,ab
bcabacabacabacabacab,bc
bcababacabac,bc
bacbacbbabacabacaba,ab
abacababacba,ab
bcbacabacabacabac,bc
cabcbabacaba,ac
abcabcbba,ab
abcabcabcabacabacab,a
acbacbacabacabacabacabacab,ac
cbacbacabacacba,c
bcabacabacabacabacabacab,bc
ccabacacb,abc
bcacbac,b
cbacbacbacbacacaba,c
ccabacabab,abc
acabacabacabacac,ac
ccabc,ac
bbacca,ab
bbacbacabacaba,ab
abcabacabacababac,a
cbacabacacabacba,bc
abcabcabcabacababac,a
bcabcacab,bc
abcabacabacabacabacab,a
abacabacbab,ab
abacabacbaba,ab
abcacabacabacaba,ab
acacabab,ac
bcabacacba,bc
cabcabbacac,c
bcbabacabacabacac,bc
acacabacabacabacab,ac
cbacbacacabacac,c
bbacbaca,ab
abbbab,ab
acbacbacbacacab,a
bacbacabacabab,ab
abcababacabac,a
abbacabacabacabacabacb,a
abcabcbaca,ab
cabcabbacaba,c
bcabbacacabacab,b
abbacabacabacb,a
babacabacabac,ab
cabbacababacabac,ac
accacabacabac,ac
acacabacabacabacaba,ac
bcabacacabab,bc
acbbbba,ac
cabcabacabacabab,ac
cabacbacab,c
acbabacabacab,ac
bacbbacb,b
bacbaccabacabaca,b
acbacabacabacacabac,a
cbacbacabacbaba,c
bcabcbabac,b
cabacababacba,c
bcabcabbacabac,bc
cabacabacabacababa,c
bcacabacabac,b
cabacabacababac,c
acabacacbbabaca,ac
cabcabacababacabacab,ac
abcabcabacbb,ab
accabacacaba,a
bcabcabcabcabcabcab,b
cabacabacacabac,c
accabacabab,a
bcabacacabacaba,bc
bcabcabbaba,b
cbaccabab,c
accacba,ac
bcabacbabacac,bc
cabbacbba,ac
acabacabacacaba,ac
cbaccbacb,c
abcabcabacababacabaca,ab
bacabacabacabacacaba,b
cabacbbb,c
bcabcabacabacabac,b
abacabacbabaca,ab
abbacabacabaca,a
bcabbacbabaca,b
bacbbba,b
acabacabacabacabac,ac
abcabcabacabab,ab
cabcabcabcabcb,c
abacabbabac,ab
cbacababacabaca,bc
acabbaba,ac
cabcabcabcabcabcab,c
acabacabacbbaba,ac
acabacabbba,ac
bacacbacab,b
ccbc,bc
abacababacabacba,ab
abcabcabcababac,a
acbacabacabacabacabacabac,a
cbacbacbacacabaca,bc
baccbacab,ab
bcabcbac,b
abbacbaba,a
bcacabacba,b
ccabacacab,abc
ccabcb,ac
cbacbacbacbacabaca,c
acbacabacbab,a
cbacbacacabac,c
cabcabacabacac,ac
acabacacabacab,ac
abcabacabacacb,a
abcacabb,ab
acbacbbbb,a
cabacabacababacab,c
cabcabcabcababa,ac
bcacababacabacab,b
bacbacbacabacabaca,b
bcacabacabaca,b
baccabab,ab
cabcabbba,ac
ccbacabaca,bc
babacababacabaca,ab
bcabcabacabacabacb,b
bacabacabacabacac,b
cbacababacabb,bc
bcabacbabac,bc
bacacabacabacabab,b
abcabacababaca,a
acacabacabacac,ac
bcabcabacabacba,b
bcabacbacabacabacabacaba,bc
abcabbacabacb,ab
ccbacabacab,bc
cbacbacbacbacbacbac,c
abbacabacabacba,a
cbabacabaca,c
bcabcabacabbbabacaba,b
acbaccabacacab,ac
cabcababacb,ac
accacabac,ac
acbacbacbaccaba,ac
acbaccabab,ac
cacbab,ac
abacabacababacb,ab
bcabacbaca,bc
bcabcabcabacbabacab,bc
cabacabbb,c
cbacacbac,bc
cabcabcabcabbaca,c
acbacbacbacbaccb,a
ccacabaca,ac
cabcabcababacab,c
abcabcaca,a
cabcabcabcabcabcb,ac
acbacabacabab,a
cabbaccabac,c
bacbacbacabacaba,b
cbacabacabbbab,bc
cabacbabacabacab,c
acbaccbacabaca,ac
bacbacbacabacacab,b
abacabacacabacab,ab
acbacabacbacaba,a
acabacabacabacacb,ac
abcabbacabacabaca,ab
abacababacabacabac,ab
acabacabacabacabab,ac
acbacabacabacbba,a
ababacababacab,ab
acabacabacacba,ac
bcabacbacba,bc
baccabacabacaba,ab
baccbacb,ab
bcabcbbb,b
cabcabcbacabacab,c
ccabcabacab,ac
abbacababa,a
cbacababacabacabac,bc
bcabcabcabab,bc
bcabacabacaca,bc
acabacbbabacb,ac
bcabcabcabcabcb,bc
abacabacbacb,ab
cbacbacbacbacbacabaca,bc
bcababacbba,bc
bacbbbaba,b
acabacababacabacaba,ac
acbabacab,ac
abacababacabacbb,ab
cabcabcabcabac,ac
cbacbbabaca,bc
bcbacabacabacab,bc
accababaca,a
cbcabaca,bc
ccabacacaba,abc
ccbcb,bc
cbbabacaba,c
cababacabacabacbb,c
bacababacbba,b
bcabcabcabcabacabac,b
cabcababacbb,ac
bcabacabacabacabaca,bc
cbacbaccabaca,bc
cabcabbacabaca,c
baccacaba,b
ccbacabba,bc
baccbacaba,ab
acabacbbab,ac
cbacbacbacabacabaca,bc
acbaccabac,ac
cabcabacabacababaca,ac
cbacacabacabacab,bc
cabbabacaba,c
ababacabba,ab
bacbaba,b
acbacbbabac,a
cabcabacabbab,ac
acabacbacabacaba,ac
cabcabcabbb,c
cbacacababacab,bc
accabacabbba,a
abacabacacabacabac,ab
abcabcabcabacabaca,a
acbaccbb,ac
cabbaccaba,c
bcabbabaca,bc
abbacabacabacacab,a
acbacbaccabacabaca,a
acbacbabacabba,a
cbaccbac,c
bcabcabbab,b
ccabacbba,abc
bbacacaba,abc
abacababacabba,ab
cabacabacacabaca,c
bacbacababa,ab
babacabacaba,ab
abcabbabac,a
cababacabacba,c
cbacbacabacabacabacab,c
abacabacabacababaca,ab
cabcacba,c
abcabcbac,ab
bacabacacbacaba,b
bcabcabacabacabacabacabb,b
cabcabacabacabacabacab,ac
abacbbab,ab
acababacabacba,ac
abcabcbacaba,ab
acacabacabacabacbb,ac
abcabcabcabaca,a
cabacacbba,c
abcababacababacab,a
bcabbacabab,b
acabacabacacb,ac
bacabacabacabacabb,b
cbacabacacabacab,bc
abacabacabacabacabacaba,ab
abbacaca,a
bacacabacabac,b
cbacbabacab,bc
bcababacba,bc
cabcabacababacba,ac
cabbbabaca,c
acbacbbaba,a
cabacbbba,c
cabacabacababacabac,c
cabcabcababacabacba,c
cabacabacaca,c
abcabcababacb,ab
acbacbacbacc,a
cbacbabac,bc
acbabacabacb,ac
bacbacbabac,ab
abcabcabcabacabacaba,a
cbaccabacbb,c
cbaccababa,c
cbacbacbacab,bc
bcacabacaba,b
cacac,ac
cabcabcabcabcabcabcaba,c
abcabcababacabacabac,ab
cabbaccb,c
bacacbaba,b
abcbacabac,a
bacababacba,b
bcabcabacabba,b
cabacbabac,c
abacabacababac,ab
acababacabacabacaba,ac
bacabacababacb,b
acabacabacababa,ac
bbacabacabaca,abc
bcabacacabacac,bc
cabacabacabacacb,c
bcabacacabac,bc
abacbac,ab
bbacabacabacabac,abc
cbacbbb,c
abcabcabbacab,a
cabacabacacab,c
ccabacac,abc
accabacabb,a
acbacabacacbba,a
cabcababacabacba,ac
bbbacabacabac,b
cabcabcabcabcabc,c
acbacbacbaccba,ac
bcabacbbaba,bc
bbabacabaca,ab
bcabacbaba,bc
cacbb,ac
abacabacabacacb,ab
bcabacabacabacba,bc
bcabacacabacb,bc
abcabcabcbac,a
bacabacabacabba,b
abbacacabacaba,a
acacabacabacacb,ac
bbacabacbb,abc
bbcb,bc
acbabacabacaba,ac
cabcabcabacacaba,c
abbabacaba,ab
cabcabacabacaca,ac
bcabacababacabba,bc
bacbabacba,b
cabacbabacab,c
cbacbacbaccabacab,c
bbacabacabacab,abc
baccacabacaba,b
abcabcabacacba,ab
cbabacabba,c
bacbacbacabacabacabaca,b
cbacbacbacabacab,bc
acacabbba,ac
acacabacabacba,ac
abcbabacabac,a
abcabcabacababaca,ab
cabcabcabcabbac,c
bbabacabacababa,ab
cabacbacb,c
abcabacabacbb,a
bacabacacabacbba,b
bacbacbacbb,b
abacacabacabac,ab
acbacbacabacaba,ac
bacabacabacacb,b
acababacabacb,ac
cacbaca,ac
cabcbca,ac
abacabacbac,ab
abcabacababacaca,a
acbaccbac,ac
cabcbbaba,ac
acabacacbacab,ac
bacbaccabacab,b
cabcbabacab,ac
abacabbab,ab
cabbacabacba,ac
abcbabacab,a
cabcabacaca,ac
cbacabacababac,bc
abcacabacba,ab
acababacabacacab,ac
abcacabacab,ab
abacabbbba,ab
baccababac,ab
cabcabacacba,ac
cbacbacbacabacacb,bc
bcabcabcabbaba,bc
bacbacabacabb,ab
cabcababacabbb,ac
bacbacbabacaba,ab
accbc,a
acabacabacabacabacabacbacabaca,ac
bacbacacabab,ab
cabcacabacabba,c
cbacbaccabac,bc
abcabacabacabab,a
bacacabacbb,b
cbaccabba,c
ababacacba,ab
abcabacbabacab,a
abcabbacabba,ab
bbcabaca,bc
cabcabcabcba,ac
cbacabbabac,bc
bacacabacacb,b
abcbbba,a
bcabcabcababacacb,bc
cabcbacb,ac
acbaccbacb,ac
acbacacabacabacabaca,a
acacabacabacabac,ac
abacbbbba,ab
cbacbacabacabacabaca,c
bacbaccbacab,b
cacbacbacabacabacabaca,ac
cabcabacabacabacabacabacabacab,ac
cabacabacbacab,c
abacababacabacaba,ab
acbacbacbacabacabac,a
ccbacaba,bc
cabcabcabcabcabacab,c
abacbacabacabacb,ab
abcabbacba,a
cabcabbaccb,ac
bacbacbaccba,ab
bcabcabcabcababac,b
baccbab,ab
acacbacb,ac
bacababacabacabacab,b
bacbacbacbacba,b
cbacbacabacb,c
bacbacbacbacbacbacabaca,ab
acbacbacbacabacaba,a
bacbacabacabacac,ab
bcababacabacaba,bc
abacababacabacb,ab
abbacabacabab,a
bcabcabcabcabcabcabc,b
acababacb,ac
bcbabacabacb,bc
acbacbacabba,ac
cbaccabacabacba,c
cacabba,ac
cabcabacacb,ac
acabacbabac,ac
acbaccbba,ac
bcabcabbba,b
abcabbacabaca,ab
baccabacabacba,ab
acbacbaccababa,a
cbacabacbaba,bc
abcabbabacaba,a
bcabcabcababa,bc
bcabacbacbb,bc
abcabcababacaba,ab
abacbbabacabacab,ab
cabbabaca,c
acbacbacabacabacabaca,ac
abcbabacaba,a
babacabacb,ab
abbbabac,ab
abacabacbbbab,ab
bcabcabcabcabac,b
accbacab,a
acbacbacabacbb,ac
ccabcaba,ac
bacababacabaca,b
cbacabacabacbba,bc
abacacababac,ab
cabcabcabacabacabacaba,c
bcabcabacbabac,b
cabcabcabbaca,ac
bcabacababacabacabacabac,bc
bbbaba,ab
bacabacacabacab,b
accabacabacabacaba,a
abacabacabacabacabb,ab
abcabbabaca,a
abacabacabbba,ab
abacabacabacabacacb,ab
abcabacbacb,a
baccacabacab,b
acbaccbbaba,ac
abacbacabac,ab
acbaccbacaba,ac
acbacbacabacbba,ac
bacbacababac,ab
abcabcabcabb,a
cabcbabacabacabacab,ac
acbacbacbacbacc,a
cabbacababacaba,ac
cbaccabcabac,bc
cbacbacabacacb,c
abacacabacabacb,ab
cbaccbacba,c
cbaccacbba,bc
bcabbaba,bc
acbca,a
abacabacababacabac,ab
cbacbbbaca,c
accabacabacabacac,a
bcabcbbabacacab,b
cabcabbacbba,c
bbabacabac,ab
acbacbacbacacb,a
bcbbabacab,bc
abbaccaba,ab
ccabacacba,abc
bacbacabacabacacababa,ab
babacababa,ab
acacabbab,ac
cabcabcabbba,c
acbacbacbaba,ac
cababacabacabacaba,c
acabacbacabac,ac
acbaccabacabacaba,ac
abacabbabaca,ab
accababac,a
acbacbaccbabac,a
cbacabacabacabacabacaba,bc
abcabcabcabcba,ab
abbacacabaca,a
acbcabac,a
bcabcabacac,b
bcabacbacab,bc
bacbacabacacabacabaca,ab
bbacabacacabacabac,abc
cabbacabacabacabacabb,ac
acacabacbba,ac
bcabcabacabab,b
acbacabacabba,a
acbacacabab,a
acbacbacbacbacac,ac
cabcabbacba,c
cbacacabacb,bc
cabcbacabac,ac
abacabbbbbab,ab
acbacabacabacabacb,a
bbabacaba,ab
cccacabac,ac
abacababacbb,ab
abacabacacabac,ab
acabacacabacb,ac
abcacabacabacab,ab
acbacbacbacacba,a
acacabacabacabaca,ac
acbacabacacba,a
cabcabcabcabba,c
cababacacb,c
cabacabacabacbba,c
abacabacbacaba,ab
bcabcabcabcabcabc,b
acbbbacacaba,a
cabacabacabba,c
abbaccabac,ab
cabacbbab,c
cabbacacab,ac
bacbaccabacabacaba,b
bacbacabacbb,ab
bcabbacbac,b
bcabacabacabacabacabac,bc
bacabacacabaca,b
baccabacba,ab
ababacabacabac,ab
cbacbaccabacabaca,bc
bcabcababacba,b
ababacaca,ab
acbaccabacababa,ac
abacabacabacacabacbac,ab
cbacbacbacbacabacac,c
abcabacbaca,a
baccbacbab,ab
ababacabacabacabacb,ab
bacbacabacacba,ab
ccbab,abc
baccabacabacacb,ab
abacacabacabaca,ab
cabacacabacab,c
abcabcabbba,ab
cabacababacabacabacbbab,c
acabacababacabacb,ac
acbacabacabacababac,a
acabacababacab,ac
acbacbacbacca,a
abbbabacabaca,ab
cbacacbaca,bc
abacabacbacabacb,ab
abcabacabacabacabacaba,a
baccabacabacb,ab
bacbacacbba,ab
acbaccbacab,ac
bacbaccabacba,b
abcabacacababacba,a
abcabcabcabcabcabcabcaba,a
cababacababac,c
cbbabacab,c
bbacabba,abc
bacbaccacb,ab
ccabacabacaba,abc
abbacabacabacbb,a
cabcabbabaca,ac
cbaccabacabacab,c
bacbacacabacaba,ab
babacabacabab,ab
bbaccab,ab
abcabcabcabcabcaba,a
abacabacbbbba,ab
abacacbacabacab,ab
bcabcabcabacabacabacab,bc
cabacacabacac,c
abcabbacabac,ab
abbacabacabb,a
bbacbba,abc
accabacabacac,a
cbacbbba,c
bcabcabcabcabacabaca,b
abacbbabac,ab
acbabacabaca,ac
bcabcabacabacababaca,b
bcacabacabacaca,b
bcabcabcabcabbac,b
babacabacabacbac,ab
cbacbacacbba,c
abcabcabacabacabacb,ab
bcabacababacabacba,bc
bcbacba,bc
acacbba,ac
bcbacababac,bc
bcabcabbacaca,bc
bbacabacac,abc
acacabacabab,ac
cabcabacabacacbbb,ac
bacbacbacbacab,ab
abcbacbac,a
bacabacabacababac,b
bcabcabacabacabacabacab,b
cbacbacbacbacabacabaca,c
cabcabcabcacabab,c
ccacba,ac
bcabbabacaba,bc
abcabcabacabacba,ab
abacabacabacabba,ab
abcabacababacb,a
bacbacbaccabaca,ab
bcabacababacabaca,bc
cabbacabacababacba,ac
bcabacababacab,bc
cbabacbba,c
accbbbb,a
acbaccabacabacb,ac
acbacabacacabacabacabaca,a
abbcab,a
cabcabcabcabcabcabcab,c
cababacac,c
cabacbacabaca,c
cababacbb,c
bacbbbac,b
bbacabacba,abc
cacabacbba,ac
cbacbacabacabacabacaba,c
acbacabacabacabacbba,a
abbacababac,a
cabcabacababacbb,ac
cabcabcabcabcabac,c
bcabacabacacabaca,bc
bbacabacabacaba,abc
cbabacabacba,c
cabacabacabbb,c
cbaccbacabacacb,c
bacabbabacab,b
bcabbacabacaba,b
cababacabacabac,c
bcabcabbacbba,bc
bcabcbacba,b
abacababacacb,ab
abbacacabac,a
bacbacababacb,ab
ccbcabac,bc
cbacabacabacabab,bc
bcabcabacabacacab,b
cbacbacabacac,c
cbacabacabacacaba,bc
bacabacbabac,b
abcabacbabac,a
acbacabacabacabacaba,a
bcababacabacba,bc
babacabacabaca,ab
acbacabacabacabacab,a
bacabacabacabacba,b
bacbbabacaba,b
babacacabacaba,ab
acacabacacabac,ac
cababacabb,c
acbacbabacb,a
bacabacabacabacabacab,b
bcabbaccab,b
acababacabacabacabacb,ac
baccabacababaca,ab
bacbacabacabacabacacaba,ab
ababacacb,ab
bacabbab,b
abcabcabbb,a
bacabacabacacaba,b
bcabbacabacabac,b
cbacacabacabacabaca,bc
bbbacabacabaca,b
abacabacabacabacabacb,ab
cbabacabacab,c
acbaccacb,a
cabcabacbba,ac
abcabacbacabacab,a
cabacababacacb,c
cabcabcac,ac
acabacabbb,ac
bcababacbbb,bc
cabacbbabac,c
accabacbacab,a
abacbbaba,ab
cbacbacacbac,c
bcabcababacabac,b
baccabacabacab,ab
baccabacabacabac,ab
abcababacabacabba,a
baccacabacabacabacb,b
bcabcbacb,b
acbacabacabacabacba,a
cabacbabacaba,c
bbacbab,abc
bacbabacabacaba,b
abcababacacb,a
abbbaba,ab
bcabcabcabcabacb,b
cabcabacacaba,ac
acbacabacabacabba,a
bacacabacabacababacabac,b
acabacbbabac,ac
acacababacab,ac
abacacbacab,ab
cbacacabacabacabac,bc
abcacbbb,ab
cbacabacabacaca,bc
abbacabacacaba,a
bcabcababacabacaba,b
baccabbaba,ab
bcabcabcabcabbacaba,bc
acbacbacabb,ac
abbacabca,a
accacabacabacabacab,ac
bcabcabcbb,bc
abcbacbab,a
cbaccaca,bc
bcabcababacb,b
bacabacabacbb,b
cabacacbacabac,c
bcabcabacabacabacba,b
cabcabcabacabab,c
abbacbab,a
cbc,bc
acbacacabacabacaba,a
bacabacbabacab,b
bacbacacbacabacab,ab
bacacabacabacb,b
cabcabcabacabacabacabac,c
ababacabacabacabaca,ab
abcabcabacababac,ab
cabacbaca,c
babacacaba,ab
cbacbacabb,c
cabacabacabacabacabacabacab,c
cabacbbabacaba,c
acabbabacba,ac
bacbacbacbacbacbacbacacabacaba,b
cbacbacababacabac,c
cbacbacabab,c
abacabbabacbba,ab
acbacababacabacababacaba,a
cacababa,ac
acabacabacabacabacabacab,ac
abcabacabacabacababa,a
abcabacabacababa,a
accabacacabac,a
bacbacbabacab,ab
bbacbac,ab
acbacacbacab,a
cabcabacabacabacba,ac
bacabacabacaca,b
ccabacacababa,abc
acabacababacb,ac
cbacabacababacab,bc
bcabacabacababa,bc
abacbacb,ab
acacbac,ac
bcabcabcabcabaca,b
bacabacabacabacabacabacb,b
cbaccabacacabac,c
cabbabacabac,c
ccbacbacab,abc
acbaccabacab,ac
ccabacabacabacaba,abc
ababacabacacab,ab
cbacbabacb,bc
cccabacabacaba,c
cababacabacb,c
cabbacabba,ac
bcbbabacabacbb,bc
cbacbacbacabacacaba,bc
cabbabacabacaba,c
abacabacbbab,ab
acababacabacab,ac
cabcabcabacabacabac,c
abcabcabcababa,a
abcabacababacab,a
abbabacba,ab
baccabacacaba,ab
abcabacabacabacabacba,a
ccbcabaca,bc
bacacabacabacacab,b
cabbacc,c
bcabcabbacabb,bc
bacabacababacabaca,b
cacabacacabac,ac
cbacacbacac,bc
abcabacbabaca,a
abcabbbab,a
abcabacbbaba,a
bbabacabbabaca,ab
cabcabcabcabcabcabcabc,c
bcabacbabacab,bc
accababacaba,a
bacbacababacabac,ab
bcacabacabacab,b
bacbacabacabacabacab,ab
abbabacacb,ab
acbaccabacabacabacaba,ac
abacabacabacabacabacab,ab
bbcacb,abc
cbacbacabacabacababac,c
abacbacab,ab
bacabacabacabb,b
abacbbabaca,ab
bcabbacac,b
baccabacacabacaba,ab
bacbacbacbacabacacaba,ab
acabacabacabacacbb,ac
acabca,ac
abacbabacb,ab
cbabacba,c
bcabcabcabacababaca,bc
cabacacababacab,c
cabbacababac,ac
bacabacababacabacaba,b
bacabacacabacb,b
cabbacacba,ac
accbacabacb,a
bacbacacbac,ab
bcabbacacaba,b
cbaccacaba,bc
bacabacbacaba,b
cabcabcabacabacabacb,c
abcabacabacaca,a
cbacbaccbacab,bc
bbacacabac,abc
babacabacabacba,ab
bcabbbba,b
accbabacab,a
acbaccabacabacab,ac
cbacabacababaca,bc
acbacbabacaba,a
cabcabcababa,c
cbaccabacabba,c
acbacabacabacabacababa,a
acbaccababac,ac
abcabcabcabacabac,a
abcabbabacb,a
bacbaccaca,ab
cabcabcabcabacba,ac
bbacacabaca,abc
cbacbabacabacabacab,bc
ababacbbba,ab
acbacbbbac,a
babb,ab
ccbacbb,bc
cbaccabacba,c
cabcabbacabacab,c
cbacacababacabaca,bc
abcabcbbb,ab
cbacbacbaccabacaba,c
bbacbacac,ab
acabacacababa,ac
acbacbacbacacbb,a
bcbabacabacacb,bc
cbacabacacabacac,bc
abcbbabac,a
acbaccbaca,ac
cbacacababac,bc
cccabaca,c
bacbacbabaca,ab
bcabacacababaca,bc
cbacacabbb,bc
cbacacbba,bc
cbacbacbacbacac,c
cabacbac,c
abcabcabacabacabacab,ab
ccbbab,abc
cbacbacbacacba,bc
cbacbacbacbacbba,c
cacabacabacaba,ac
acacbab,ac
bacacbbb,b
cababacacabb,c
bbbacabac,b
abbacabacacba,a
bacbaccacabacaba,ab
cbbbb,c
bcabcbacabba,b
bacbacbacabacb,b
cabacabacabacabacabaca,c
cbacbacacabacabac,c
bbacabacabab,abc
abcabcabacabacabac,ab
bacbacabacababa,ab
abacabacabacbb,ab
ccababacabac,abc
abacabacababacabacb,ab
cbabacabacabaca,c
bcababacabacaca,bc
accbacaba,a
abcababacabab,a
bbacabacacab,abc
cabacabacacabacbb,c
bbacababac,abc
bacacababacabac,b
bcabcacabac,bc
bbacabacabac,abc
accacabacac,ac
bacbacabacabacaba,ab
bbbacaba,b
bcababacac,bc
bcabacbbb,bc
accabacabacabacab,a
bcabcbacaba,b
abacbabacaba,ab
cbabacabacabacabacaba,c
cbacacabacbb,bc
bacbacabacababac,ab
abcabacabacabacba,a
cccabacabacb,c
acbacabacabacabb,a
cccbbbb,c
bcabacabacabacbba,bc
bbacbaba,abc
cabcabacabbabacac,ac
bacabacababacaba,b
cabcabcacb,ac
cbaccabacabacb,c
cabcabcabb,c
cabacababacabaca,c
cbaccabbbba,c
ccabacabacb,abc
bacabacabacababacab,b
abbbbacabacab,a
cbacbacacbabac,c
acbaccbbab,ac
acbacbaccbaca,a
abcabacabacacaba,a
acabacabacabacabacabac,ac
abcabcabacabb,ab
bcabcabcabcabcabcabcab,b
bbacabacabacabaca,abc
bcabacbabacbb,bc
acbacbacabbab,ac
bacabacbac,b
cabacacabacabacabac,c
abacababacabaca,ab
cabacabacabacacabacabb,c
cabcabcabcabab,ac
ccbaba,abc
bcabcabcabcabcabacab,bc
acbaccbacabacaba,ac
bcababacabacac,bc
bbbacac,b
abcabacacabacabac,a
cabcabacbbbb,ac
cacabacabacb,ac
cbaccabbba,c
abcabcabcabcabc,a
acbacbacbacbaccaba,a
bacbacabacabacabacaba,ab
baccabbac,b
bcabbaccba,bc
bacbbabacab,b
acbacbaccbba,a
acbacabacabbb,a
bcabacabacabacabacabacb,bc
cabacbabacabaca,c
bcabbacabacabacaba,b
acbaccabacabaca,ac
bcacbb,b
acbacbacbbabaca,ac
cabacacabab,c
bcacababacabacaba,b
ccabcabb,ac
abcabcabcabcabbac,a
cbacbacabacabacb,c
bcabacabacbacab,bc
